OBJECTID,DATE,Allegany,Anne Arundel,Baltimore County,Baltimore City,Calvert,Caroline,Carroll,Cecil,Charles,Dorchester,Frederick,Garrett,Harford,Howard,Kent,Montgomery,Prince Georges,Queen Annes,Somerset,St Marys,Talbot,Washington,Wicomico,Worcester
1,2020/04/03 14:00:00+00,0,4,3,4,1,0,5,1,1,0,2,0,0,2,0,9,9,0,0,0,0,0,1,0
2,2020/04/04 14:00:00+00,0,6,4,6,1,0,6,1,1,0,2,0,0,3,0,9,13,0,0,0,0,0,1,0
3,2020/04/05 14:00:00+00,0,6,6,7,1,0,8,1,2,0,3,0,0,3,0,13,16,0,0,0,0,0,1,0
4,2020/04/06 14:00:00+00,0,8,11,8,1,0,10,1,2,0,4,0,0,3,0,19,23,0,0,0,0,0,1,0
5,2020/04/07 14:00:00+00,0,8,11,9,1,0,16,1,2,0,4,0,0,3,0,21,26,0,0,0,0,0,1,0
6,2020/04/08 14:00:00+00,0,11,13,10,2,0,18,1,2,0,4,0,0,3,0,26,32,0,0,0,1,0,1,0
7,2020/04/09 14:00:00+00,0,12,16,13,1,0,18,1,3,0,4,0,0,4,0,29,35,0,0,0,1,0,1,0
8,2020/04/10 14:00:00+00,0,16,21,17,1,0,19,1,4,0,9,0,0,5,0,34,42,0,0,0,1,0,1,0
9,2020/04/11 14:00:00+00,0,19,26,22,1,0,25,1,5,0,11,0,1,6,0,36,50,0,0,0,1,1,1,0
10,2020/04/12 14:00:00+00,0,27,30,24,1,0,25,1,9,0,12,0,0,6,0,42,55,0,0,0,1,1,1,0
11,2020/04/13 14:00:00+00,0,29,31,26,1,0,28,1,10,1,12,0,0,8,0,48,63,0,0,1,1,1,1,0
12,2020/04/14 14:00:00+00,0,32,41,29,1,0,29,2,12,1,14,0,0,9,0,54,72,0,0,3,1,1,1,0
13,2020/04/15 14:00:00+00,1,25,27,25,1,0,20,2,11,1,20,0,0,9,1,44,65,1,0,1,1,0,1,0
14,2020/04/16 14:00:00+00,1,29,31,31,1,0,21,2,13,1,22,0,0,10,1,56,70,1,0,1,1,1,1,0
15,2020/04/17 14:00:00+00,1,34,37,38,2,0,25,2,15,1,23,0,0,10,1,63,77,1,0,1,1,1,1,0
16,2020/04/18 14:00:00+00,1,34,38,40,2,0,26,3,16,1,23,0,0,10,1,70,85,2,0,1,1,3,1,0
17,2020/04/19 14:00:00+00,1,40,44,46,3,0,27,3,17,1,25,0,1,11,1,80,98,2,0,2,1,3,3,0
18,2020/04/20 14:00:00+00,1,42,44,49,3,0,30,3,19,1,25,0,1,12,1,89,103,2,0,2,1,3,3,0
19,2020/04/21 14:00:00+00,2,45,51,54,4,0,31,3,22,1,28,0,1,12,1,99,111,2,0,3,1,3,2,0
20,2020/04/22 14:00:00+00,3,49,58,58,5,0,32,5,29,1,29,0,2,13,1,110,125,2,0,3,1,3,2,0
21,2020/04/23 14:00:00+00,3,54,62,60,6,0,34,5,31,2,30,0,2,14,1,121,141,2,0,4,1,3,3,0
22,2020/04/24 14:00:00+00,3,56,65,65,8,0,34,5,33,2,35,0,3,14,2,135,147,3,0,6,1,3,3,0
23,2020/04/25 14:00:00+00,3,62,69,72,7,0,36,5,34,2,39,0,4,15,3,152,162,3,0,6,1,3,4,0
24,2020/04/26 14:00:00+00,3,63,71,73,7,0,36,5,34,2,39,0,4,15,3,160,163,3,0,6,1,3,4,0
25,2020/04/27 14:00:00+00,4,66,87,82,7,0,37,5,36,2,42,0,4,16,4,190,187,3,0,6,1,3,5,0
26,2020/04/28 14:00:00+00,5,70,94,83,8,0,44,6,38,2,42,0,6,17,4,201,195,4,0,7,1,3,5,1
27,2020/04/29 14:00:00+00,6,75,104,94,8,0,45,8,41,2,45,0,6,18,4,218,213,4,0,7,1,3,7,2
28,2020/04/30 14:00:00+00,7,83,110,104,8,0,46,8,43,2,49,0,6,18,5,229,229,6,0,7,1,4,7,2
29,2020/05/01 14:00:00+00,7,82,116,106,9,0,46,8,44,2,49,0,9,18,4,236,231,7,0,7,1,4,7,2
30,2020/05/02 14:00:00+00,8,86,125,117,10,0,46,8,45,2,52,0,10,19,4,256,257,8,0,7,1,6,10,2
31,2020/05/03 14:00:00+00,12,88,133,120,10,0,46,9,47,2,54,0,10,19,6,268,265,8,0,7,1,6,10,2
32,2020/05/04 14:00:00+00,12,93,136,120,10,0,47,10,47,2,55,0,10,21,7,274,271,8,0,7,1,6,10,2
33,2020/05/05 14:00:00+00,12,98,142,124,10,0,52,13,47,2,59,0,15,22,7,292,280,8,0,7,1,6,11,2
34,2020/05/06 14:00:00+00,12,99,149,131,10,0,55,13,49,2,61,0,17,24,8,304,296,8,0,7,1,7,11,2
35,2020/05/07 14:00:00+00,12,102,155,140,10,0,54,13,48,2,63,0,18,26,8,315,309,8,0,8,1,7,13,2
36,2020/05/08 14:00:00+00,12,105,162,146,10,0,56,13,51,2,64,0,20,26,8,324,323,9,0,8,1,7,15,2
37,2020/05/09 14:00:00+00,12,108,169,154,10,0,58,13,52,2,66,0,21,28,10,336,333,9,0,8,1,8,15,3
38,2020/05/10 14:00:00+00,12,112,175,160,10,0,58,13,53,2,68,0,21,28,13,348,337,9,0,8,1,9,15,3
39,2020/05/11 14:00:00+00,12,115,178,162,10,0,58,13,53,2,68,0,21,30,13,353,342,9,0,9,1,9,16,3
40,2020/05/12 14:00:00+00,13,117,188,169,12,0,60,15,54,2,71,0,23,34,13,373,355,9,0,9,1,9,16,3
41,2020/05/13 14:00:00+00,13,123,203,177,12,0,61,15,56,2,74,0,24,36,13,386,370,9,0,9,1,9,17,3
42,2020/05/14 14:00:00+00,13,126,207,183,12,0,62,17,57,2,78,0,28,38,14,397,379,9,0,9,1,9,17,4
43,2020/05/15 14:00:00+00,13,128,217,183,12,0,64,17,59,2,81,0,28,38,14,411,393,9,0,9,1,9,19,4
44,2020/05/16 14:00:00+00,13,133,223,192,12,0,66,17,60,2,82,0,30,41,14,423,399,9,0,10,1,9,20,4
45,2020/05/17 14:00:00+00,13,134,232,195,12,0,67,17,60,2,83,0,31,41,14,437,408,10,0,11,1,8,21,5
46,2020/05/18 14:00:00+00,14,134,237,200,12,0,68,17,60,2,83,0,31,42,14,442,415,10,0,11,1,8,21,5
47,2020/05/19 14:00:00+00,14,137,247,202,12,0,69,18,62,2,83,0,32,46,14,465,424,11,1,12,1,8,21,5
48,2020/05/20 14:00:00+00,14,137,261,208,13,0,70,20,63,2,86,0,36,46,14,474,432,11,1,12,1,9,21,7
49,2020/05/21 14:00:00+00,14,139,271,210,14,0,69,20,64,2,87,0,37,45,14,491,444,11,1,13,1,10,22,7
50,2020/05/22 14:00:00+00,14,141,277,213,14,0,71,20,65,2,88,0,43,46,15,502,455,12,1,13,1,10,22,7
51,2020/05/23 14:00:00+00,14,142,284,220,14,0,74,20,67,2,89,0,43,48,15,514,462,12,1,14,1,10,22,7
52,2020/05/24 14:00:00+00,14,145,285,222,14,0,74,21,67,2,91,0,45,48,14,522,468,12,1,14,1,11,22,9
53,2020/05/25 14:00:00+00,14,149,292,225,15,0,77,21,67,2,92,0,45,48,14,526,475,12,2,15,1,11,22,10
54,2020/05/26 14:00:00+00,14,151,297,227,14,0,78,21,68,2,94,0,45,49,15,531,484,12,2,15,1,12,22,10
55,2020/05/27 14:00:00+00,15,154,304,228,16,0,82,21,70,3,96,0,46,50,15,535,496,12,2,16,1,12,25,10
56,2020/05/28 14:00:00+00,15,154,308,232,16,0,82,22,71,3,97,0,46,52,15,542,506,12,2,19,1,12,27,10
57,2020/05/29 14:00:00+00,16,158,320,240,16,0,83,22,71,3,98,0,46,54,17,555,506,12,2,20,1,13,30,12
58,2020/05/30 14:00:00+00,16,163,325,246,17,0,89,22,71,3,98,0,46,54,19,565,515,12,2,20,2,13,30,12
59,2020/05/31 14:00:00+00,17,165,329,250,17,1,89,23,71,3,98,0,48,54,19,572,517,13,2,22,2,14,30,12
60,2020/06/01 14:00:00+00,17,166,333,253,17,1,90,23,72,3,99,0,48,56,19,576,521,12,2,23,2,14,30,12
61,2020/06/02 14:00:00+00,17,169,342,255,17,1,91,24,72,3,100,0,48,56,19,584,528,12,3,24,3,15,30,12
62,2020/06/03 14:00:00+00,17,169,350,258,19,1,93,24,74,3,102,0,48,56,19,593,542,12,3,27,3,16,30,12
63,2020/06/04 14:00:00+00,16,170,355,261,19,1,95,24,77,3,102,0,48,60,19,596,556,12,3,28,3,16,32,13
64,2020/06/05 14:00:00+00,16,173,360,264,19,1,95,24,77,4,103,0,48,60,19,606,563,12,3,30,4,16,32,13
65,2020/06/06 14:00:00+00,16,176,367,268,20,1,98,24,79,4,104,0,49,60,19,614,571,12,3,33,4,16,32,15
66,2020/06/07 14:00:00+00,16,176,369,273,20,1,98,24,78,4,104,0,50,62,19,617,574,12,3,34,4,16,32,15
67,2020/06/08 14:00:00+00,16,176,371,274,20,1,98,24,78,4,104,0,50,63,19,620,578,12,3,34,4,16,32,15
68,2020/06/09 14:00:00+00,17,177,379,279,20,1,99,25,80,4,104,0,52,66,19,628,583,12,3,34,4,17,33,14
69,2020/06/10 14:00:00+00,17,181,383,281,20,2,100,25,81,4,105,0,54,68,19,633,590,12,3,35,4,17,33,14
70,2020/06/11 14:00:00+00,17,182,386,284,20,2,100,27,81,4,105,0,54,68,21,635,596,12,3,36,4,20,33,15
71,2020/06/12 14:00:00+00,17,183,390,286,20,2,100,28,80,4,107,0,55,68,21,640,607,12,3,40,4,21,34,15
72,2020/06/13 14:00:00+00,17,183,395,289,20,2,102,29,81,4,107,0,55,68,22,647,609,12,3,40,4,22,35,15
73,2020/06/14 14:00:00+00,17,185,401,292,20,2,102,29,81,4,107,0,55,69,22,651,612,12,3,39,4,22,35,16
74,2020/06/15 14:00:00+00,17,185,403,293,20,2,102,29,81,4,107,0,55,70,23,655,615,12,3,40,4,22,35,16
75,2020/06/16 14:00:00+00,17,185,406,296,20,2,102,29,81,4,108,0,56,71,23,658,619,13,3,40,4,22,35,16
76,2020/06/17 14:00:00+00,17,186,411,299,21,2,103,29,83,4,108,0,58,72,23,664,623,14,3,41,4,22,36,16
77,2020/06/18 14:00:00+00,17,187,415,301,22,2,106,28,84,4,108,0,59,74,23,667,624,14,3,44,4,24,37,16
78,2020/06/19 14:00:00+00,17,189,420,301,22,2,106,28,84,4,109,0,58,74,22,670,629,14,3,44,4,25,37,16
79,2020/06/20 14:00:00+00,17,191,426,304,22,2,107,28,84,4,109,0,58,75,22,674,634,14,3,44,4,25,37,16
80,2020/06/21 14:00:00+00,17,191,428,304,22,2,107,28,84,4,109,0,58,75,22,680,635,14,3,45,4,25,37,16
81,2020/06/22 14:00:00+00,17,191,432,307,22,2,107,28,84,4,109,0,58,75,22,683,637,15,3,46,4,25,37,16
82,2020/06/23 14:00:00+00,17,192,435,310,23,3,107,28,84,5,109,0,58,75,22,685,637,15,3,48,4,25,38,16
83,2020/06/24 14:00:00+00,17,193,437,316,24,3,107,28,84,5,109,1,58,76,22,688,638,15,3,48,4,26,39,15
84,2020/06/25 14:00:00+00,17,193,438,318,25,3,107,28,84,5,109,1,58,78,22,691,645,16,3,48,4,26,40,15
85,2020/06/26 14:00:00+00,17,195,439,321,25,3,108,28,84,5,109,0,58,79,22,691,653,17,3,50,4,26,40,15
86,2020/06/27 14:00:00+00,17,198,443,324,25,3,108,28,84,5,110,0,58,80,22,695,653,17,3,51,4,26,40,15
87,2020/06/28 14:00:00+00,17,199,445,326,25,3,109,28,84,5,110,0,58,80,22,696,655,17,3,51,4,26,40,15
88,2020/06/29 14:00:00+00,17,199,448,326,25,3,110,28,84,5,110,0,59,80,22,697,657,17,3,51,4,26,41,15
89,2020/06/30 14:00:00+00,17,199,451,327,26,3,110,28,84,5,110,0,59,79,22,699,658,17,3,51,4,27,41,15
90,2020/07/01 14:00:00+00,17,201,452,328,26,3,110,28,84,5,111,0,59,84,22,700,662,18,3,51,4,28,41,16
91,2020/07/02 14:00:00+00,17,202,453,330,26,3,110,28,84,5,111,0,60,84,22,704,662,18,3,51,4,28,40,16
92,2020/07/03 14:00:00+00,17,201,457,332,26,3,110,28,84,5,112,0,60,86,22,709,664,18,3,51,4,28,40,16
93,2020/07/04 14:00:00+00,17,201,459,334,26,3,112,28,85,5,113,0,60,85,22,710,665,19,3,51,4,29,41,16
94,2020/07/05 14:00:00+00,18,201,460,334,26,3,112,28,85,5,113,0,60,85,22,711,666,19,3,51,4,29,41,16
95,2020/07/06 14:00:00+00,18,201,461,339,26,3,112,28,85,5,113,0,60,85,22,715,667,19,3,51,4,29,41,16
96,2020/07/07 14:00:00+00,18,202,465,341,26,3,112,28,85,5,113,0,60,87,22,714,669,19,3,51,4,29,41,16
97,2020/07/08 14:00:00+00,18,202,469,344,26,3,112,28,86,5,113,0,61,87,22,714,676,20,3,51,4,29,41,16
98,2020/07/09 14:00:00+00,18,202,472,346,26,3,112,28,87,5,113,0,61,86,22,716,677,22,3,51,4,29,41,16
99,2020/07/10 14:00:00+00,18,202,473,350,26,3,113,28,87,5,113,0,62,89,22,717,680,22,3,51,4,29,41,16
100,2020/07/11 14:00:00+00,18,202,474,351,26,3,113,28,87,5,113,0,62,89,22,719,683,22,3,51,4,29,41,17
101,2020/07/12 14:00:00+00,18,202,474,352,26,3,113,28,88,5,113,0,62,89,22,721,689,22,3,51,4,29,42,17
102,2020/07/13 14:00:00+00,18,202,474,353,26,3,113,28,88,5,113,0,63,90,22,722,691,22,3,51,4,29,42,17
103,2020/07/14 14:00:00+00,18,202,476,354,26,3,113,28,88,5,113,0,63,90,22,724,692,22,3,51,4,29,42,17
104,2020/07/15 14:00:00+00,18,203,480,356,26,3,113,28,88,5,113,0,64,91,22,725,694,22,3,51,4,29,42,17
105,2020/07/16 14:00:00+00,18,203,482,359,26,3,113,28,88,5,113,0,63,91,22,725,696,22,3,51,4,29,42,17
106,2020/07/17 14:00:00+00,18,203,483,360,26,3,113,28,88,5,113,0,63,91,22,728,696,22,3,51,4,29,42,17
107,2020/07/18 14:00:00+00,18,205,489,364,26,3,113,28,88,5,113,0,63,92,22,730,700,22,3,51,4,29,42,17
108,2020/07/19 14:00:00+00,18,205,490,368,26,3,113,28,88,5,113,0,63,92,22,730,700,22,3,51,4,29,42,17
109,2020/07/20 14:00:00+00,18,205,492,370,26,3,113,28,88,5,113,0,63,92,22,734,700,22,3,52,4,29,42,17
110,2020/07/21 14:00:00+00,18,205,497,375,26,3,113,29,88,5,113,0,63,93,22,736,702,22,3,52,4,29,42,17
111,2020/07/22 14:00:00+00,18,206,499,376,26,3,113,29,88,5,113,0,63,93,22,738,702,22,3,53,4,29,42,17
112,2020/07/23 14:00:00+00,18,206,500,378,26,3,113,29,88,5,113,0,63,94,22,743,702,22,3,52,4,29,42,17
113,2020/07/24 14:00:00+00,18,206,501,381,26,3,113,29,88,5,113,0,64,94,22,744,703,22,3,52,4,29,42,17
114,2020/07/25 14:00:00+00,18,206,504,383,26,3,113,29,88,5,113,0,64,96,22,744,706,22,3,52,4,30,42,17
115,2020/07/26 14:00:00+00,18,206,505,386,26,3,113,29,88,5,113,0,64,96,22,745,707,22,3,52,4,30,42,17
116,2020/07/27 14:00:00+00,18,206,508,387,26,3,113,29,88,5,113,0,64,96,22,748,707,22,3,52,4,30,42,17
117,2020/07/28 14:00:00+00,18,206,512,389,26,3,114,29,88,5,113,0,64,96,22,748,708,22,3,53,4,30,42,17
118,2020/07/29 14:00:00+00,18,206,516,390,26,3,114,29,88,5,114,0,64,96,22,748,710,22,3,53,4,30,43,17
119,2020/07/30 14:00:00+00,18,208,523,392,26,3,114,29,88,5,114,0,64,99,22,750,711,24,3,53,4,30,44,17
120,2020/07/31 14:00:00+00,18,208,525,393,27,3,114,29,89,5,114,0,64,100,22,750,714,24,3,52,4,30,44,17
121,2020/08/01 14:00:00+00,18,208,527,395,27,3,114,29,89,5,114,0,64,100,22,750,718,24,3,52,4,30,44,18
122,2020/08/02 14:00:00+00,18,208,529,399,27,3,114,29,89,5,114,0,65,100,22,752,720,24,3,52,4,30,44,18
123,2020/08/03 14:00:00+00,18,208,529,399,27,3,115,29,89,5,114,0,65,100,22,754,720,24,3,52,4,30,44,18
124,2020/08/04 14:00:00+00,18,209,531,402,27,3,115,29,89,5,114,0,65,100,22,755,721,24,3,52,4,30,44,18
125,2020/08/05 14:00:00+00,18,211,533,406,27,3,115,29,89,5,114,0,66,100,22,755,723,24,3,52,4,31,44,19
126,2020/08/06 14:00:00+00,18,211,535,407,27,3,115,29,89,5,114,0,66,100,22,758,725,24,3,52,4,31,45,19
127,2020/08/07 14:00:00+00,18,213,537,408,27,3,115,29,89,5,114,0,66,100,22,762,726,24,3,52,4,31,45,19
128,2020/08/08 14:00:00+00,18,213,539,413,27,3,115,29,89,5,114,0,66,103,22,763,728,24,3,52,4,31,45,19
129,2020/08/09 14:00:00+00,18,216,541,413,27,3,115,29,89,5,114,0,66,104,22,764,730,24,3,52,4,31,45,19
130,2020/08/10 14:00:00+00,18,216,541,414,27,3,115,29,89,5,114,0,66,106,22,764,732,24,3,52,4,31,45,19
131,2020/08/11 14:00:00+00,18,217,544,415,27,3,115,29,89,5,114,0,66,106,22,764,738,24,3,52,4,31,45,19
132,2020/08/12 14:00:00+00,18,218,545,418,27,3,115,29,89,5,114,0,66,106,22,767,741,25,3,52,4,31,45,19
133,2020/08/13 14:00:00+00,18,218,550,420,27,3,115,29,90,5,114,0,66,106,22,768,743,25,3,52,4,31,45,19
134,2020/08/14 14:00:00+00,18,218,551,423,27,3,115,29,90,5,114,0,66,109,22,769,743,25,3,52,4,31,45,19
135,2020/08/15 14:00:00+00,18,219,551,426,27,3,115,29,91,5,114,0,66,109,22,769,745,25,3,52,4,31,45,19
136,2020/08/16 14:00:00+00,19,219,552,428,27,3,115,29,91,5,114,0,66,110,22,771,745,25,3,52,4,31,45,19
137,2020/08/17 14:00:00+00,19,219,551,429,27,3,116,29,91,5,114,0,66,110,22,771,745,25,3,52,4,31,45,19
138,2020/08/18 14:00:00+00,19,219,553,429,27,3,116,29,91,5,114,0,66,111,22,773,746,25,3,52,4,31,45,19
139,2020/08/19 14:00:00+00,19,219,558,429,27,3,116,30,91,5,114,0,66,111,22,774,746,25,3,52,4,31,45,21
140,2020/08/20 14:00:00+00,20,220,559,430,27,3,116,30,91,5,114,0,66,111,22,775,749,25,3,52,4,31,45,21
141,2020/08/21 14:00:00+00,20,220,561,433,27,3,116,30,91,5,115,0,66,112,22,775,750,25,3,52,4,32,46,20
142,2020/08/22 14:00:00+00,20,220,563,433,27,3,116,30,91,5,116,0,66,111,22,775,754,25,3,52,4,32,46,21
143,2020/08/23 14:00:00+00,20,221,565,433,27,3,117,30,91,5,116,0,66,111,22,776,755,25,3,53,4,32,46,21
144,2020/08/24 14:00:00+00,20,221,565,435,27,3,117,30,91,5,116,0,66,111,22,776,757,25,3,53,4,32,47,21
145,2020/08/25 14:00:00+00,20,222,569,435,27,3,117,30,91,5,116,0,66,111,22,776,757,25,3,54,4,32,47,22
146,2020/08/26 14:00:00+00,20,222,572,435,27,3,118,30,91,5,116,0,66,111,22,777,760,25,3,54,4,32,47,22
147,2020/08/27 14:00:00+00,20,222,575,436,27,3,119,30,91,6,116,0,66,111,22,779,762,25,3,55,4,32,47,22
148,2020/08/28 14:00:00+00,20,223,575,438,27,3,120,30,91,6,117,0,66,111,22,779,762,25,3,55,4,32,47,22
149,2020/08/29 14:00:00+00,20,226,577,440,27,3,120,30,91,6,118,0,66,111,22,780,766,25,3,55,4,32,47,23
150,2020/08/30 14:00:00+00,20,226,578,443,27,3,120,30,92,6,118,0,66,111,22,781,768,25,4,55,4,33,47,23
151,2020/08/31 14:00:00+00,20,226,579,443,27,3,120,30,92,6,118,0,66,111,22,782,769,25,4,55,4,33,47,23
152,2020/09/01 14:00:00+00,20,227,581,441,27,3,120,30,92,6,118,0,67,111,22,782,770,25,4,55,4,33,47,23
153,2020/09/02 14:00:00+00,20,227,582,441,27,3,120,30,92,7,118,0,67,111,22,782,773,25,4,55,4,33,47,24
154,2020/09/03 14:00:00+00,20,227,584,443,27,3,120,30,92,7,118,0,67,111,22,782,774,25,4,56,4,34,47,25
155,2020/09/04 14:00:00+00,21,228,585,445,27,3,120,30,93,7,119,0,68,111,22,783,775,25,4,56,4,34,47,25
156,2020/09/05 14:00:00+00,22,229,585,449,27,3,120,30,92,7,120,0,68,111,22,784,778,25,4,56,4,35,47,25
157,2020/09/06 14:00:00+00,22,228,585,450,27,3,120,30,93,8,120,0,68,112,22,784,779,25,4,56,4,35,48,25
158,2020/09/07 14:00:00+00,22,228,585,450,27,3,120,30,93,8,120,0,68,112,22,786,780,25,4,56,4,35,48,25
159,2020/09/08 14:00:00+00,22,229,585,450,27,3,120,30,93,8,120,0,68,112,22,789,780,25,4,56,4,35,48,25
160,2020/09/09 14:00:00+00,22,229,585,451,27,3,120,30,93,8,120,0,68,112,22,790,781,25,4,56,4,35,48,25
161,2020/09/10 14:00:00+00,22,230,586,451,27,3,120,30,93,8,120,1,69,113,22,792,783,25,4,57,4,35,48,25
162,2020/09/11 14:00:00+00,22,230,586,454,27,3,120,30,93,9,120,1,70,113,22,793,784,25,4,57,4,35,48,25
163,2020/09/12 14:00:00+00,22,229,587,454,27,3,120,30,93,9,121,1,71,113,22,794,787,25,4,57,5,35,48,25
164,2020/09/13 14:00:00+00,22,229,588,455,27,3,120,30,93,9,121,1,71,113,22,794,790,25,4,57,5,35,48,25
165,2020/09/14 14:00:00+00,22,229,589,455,27,3,120,30,93,9,121,1,71,113,22,794,790,25,4,57,5,35,48,25
166,2020/09/15 14:00:00+00,22,229,590,456,27,3,120,30,93,9,121,1,71,113,22,795,790,25,4,57,5,35,48,25
167,2020/09/16 14:00:00+00,22,230,591,458,27,3,120,31,94,9,122,1,71,113,22,795,791,25,4,57,5,36,48,25
168,2020/09/17 14:00:00+00,22,231,591,460,27,3,120,31,94,10,122,1,72,113,22,796,794,25,4,57,5,36,48,25
169,2020/09/18 14:00:00+00,22,231,594,460,27,4,120,32,95,10,122,1,72,113,22,796,794,25,4,57,5,36,48,25
170,2020/09/19 14:00:00+00,22,232,594,462,27,4,121,32,96,10,122,1,72,114,22,797,793,25,4,57,5,36,48,25
171,2020/09/20 14:00:00+00,22,232,596,464,27,4,121,32,96,10,122,1,72,114,22,798,793,25,4,57,5,36,48,25
172,2020/09/21 14:00:00+00,22,232,596,465,27,4,121,32,97,10,122,1,72,114,22,798,793,25,4,57,5,37,48,25
173,2020/09/22 14:00:00+00,22,233,596,464,27,5,121,32,97,10,123,1,72,116,22,801,795,25,4,57,5,37,48,25
174,2020/09/23 14:00:00+00,22,233,597,465,27,5,121,32,97,10,124,1,72,117,22,801,798,25,4,57,6,37,48,25
175,2020/09/24 14:00:00+00,22,234,598,466,27,6,121,33,98,10,124,1,72,117,22,801,799,25,4,57,6,37,48,25
176,2020/09/25 14:00:00+00,22,234,599,468,27,6,122,34,99,10,124,1,72,117,22,802,802,25,4,57,6,37,48,25
177,2020/09/26 14:00:00+00,22,235,599,469,27,7,123,34,99,10,124,1,72,116,22,804,804,25,4,57,6,37,48,25
178,2020/09/27 14:00:00+00,22,236,600,469,27,7,123,34,99,10,124,1,72,116,22,804,804,25,5,57,6,37,48,26
179,2020/09/28 14:00:00+00,23,236,603,469,27,7,123,34,99,10,125,1,72,116,22,807,805,25,5,57,6,37,48,26
180,2020/09/29 14:00:00+00,23,236,607,468,27,7,123,34,99,10,125,1,72,116,22,808,805,25,5,57,6,38,48,26
181,2020/09/30 14:00:00+00,23,238,609,469,27,7,123,34,99,10,125,1,72,116,22,809,805,25,5,57,6,39,48,26
182,2020/10/01 14:00:00+00,23,239,609,469,27,7,123,34,99,10,125,1,72,116,22,810,805,25,5,57,6,39,49,27
183,2020/10/02 14:00:00+00,23,240,609,469,27,7,123,34,99,10,125,1,72,116,22,811,804,25,5,57,6,39,49,28
184,2020/10/03 14:00:00+00,23,240,609,469,27,7,123,34,99,10,125,1,72,117,22,809,805,25,4,57,6,39,49,29
185,2020/10/04 14:00:00+00,23,240,611,469,27,7,123,34,99,10,125,1,72,117,22,809,807,25,4,58,6,39,49,29
186,2020/10/05 14:00:00+00,23,240,611,469,27,7,123,34,99,10,125,1,72,117,22,810,807,25,4,58,6,40,49,29
187,2020/10/06 14:00:00+00,23,240,614,469,27,7,123,34,99,10,125,1,72,117,22,810,808,25,4,58,6,41,49,29
188,2020/10/07 14:00:00+00,23,242,616,471,27,7,123,34,99,10,126,1,72,116,22,811,808,25,4,58,6,41,49,29
189,2020/10/08 14:00:00+00,23,242,617,472,27,7,123,35,99,10,126,1,72,117,22,812,810,25,4,58,6,41,49,29
190,2020/10/09 14:00:00+00,23,243,619,474,27,7,123,35,99,10,126,1,72,117,22,814,810,25,4,58,6,41,49,29
191,2020/10/10 14:00:00+00,23,243,619,474,27,7,123,35,99,10,126,1,72,117,22,815,810,25,4,58,6,41,49,29
192,2020/10/11 14:00:00+00,23,244,622,476,27,8,123,35,99,10,127,1,73,117,22,815,813,25,4,58,6,41,49,29
193,2020/10/12 14:00:00+00,23,245,622,476,27,8,123,35,99,10,127,1,73,117,22,815,814,25,4,59,6,41,49,29
194,2020/10/13 14:00:00+00,23,246,624,477,27,8,123,35,99,10,127,1,73,117,22,816,816,25,4,59,6,41,49,29
195,2020/10/14 14:00:00+00,23,248,624,478,27,8,124,35,99,10,127,1,73,117,22,819,816,25,4,59,6,41,49,29
196,2020/10/15 14:00:00+00,23,250,626,477,27,8,125,35,99,10,129,1,73,117,22,820,817,25,5,59,6,42,49,29
197,2020/10/16 14:00:00+00,23,250,627,478,27,8,125,35,99,10,129,1,73,117,22,820,817,25,5,59,6,42,49,29
198,2020/10/17 14:00:00+00,23,251,630,479,27,8,125,35,99,10,129,1,73,117,22,820,819,25,5,59,6,42,49,29
199,2020/10/18 14:00:00+00,23,251,630,479,27,8,125,35,99,10,129,1,74,117,22,820,821,25,5,59,6,42,49,29
200,2020/10/19 14:00:00+00,23,251,630,479,27,8,125,35,99,10,129,1,74,118,22,820,822,25,5,59,6,42,49,29
201,2020/10/20 14:00:00+00,23,252,631,479,27,8,125,35,99,10,129,1,75,118,22,821,822,25,5,59,6,42,49,29
202,2020/10/21 14:00:00+00,23,253,633,480,27,8,125,35,99,10,130,1,76,118,22,822,824,25,5,59,6,42,49,29
203,2020/10/22 14:00:00+00,23,254,635,481,27,8,126,35,99,10,130,1,76,118,22,823,828,25,6,59,6,42,49,29
204,2020/10/23 14:00:00+00,23,255,638,482,27,8,126,35,99,10,129,1,76,118,22,823,829,25,6,60,6,42,49,29
205,2020/10/24 14:00:00+00,23,256,639,484,27,8,126,35,100,10,130,1,77,118,22,824,829,25,6,60,6,42,50,29
206,2020/10/25 14:00:00+00,23,258,642,484,27,8,126,35,100,10,130,1,77,120,23,827,829,25,6,60,6,43,50,30
207,2020/10/26 14:00:00+00,23,260,642,484,27,8,126,35,100,10,130,1,77,120,23,827,830,25,6,60,6,43,50,30
208,2020/10/27 14:00:00+00,24,260,642,484,27,8,126,35,100,10,131,1,77,120,23,829,830,25,6,60,6,44,51,30
209,2020/10/28 14:00:00+00,24,261,643,485,27,8,126,35,100,10,131,1,77,120,23,830,835,25,6,60,6,44,51,30
210,2020/10/29 14:00:00+00,24,262,646,485,28,8,126,35,100,11,131,1,77,121,23,832,835,25,6,60,6,44,51,30
211,2020/10/30 14:00:00+00,24,263,649,486,28,8,126,35,100,12,131,1,78,121,23,832,835,25,6,60,6,46,51,30
212,2020/10/31 14:00:00+00,24,266,650,486,28,8,126,35,100,12,131,1,78,121,23,833,839,25,6,60,6,46,51,30
213,2020/11/01 15:00:00+00,24,269,651,488,28,8,127,35,100,12,131,1,78,123,23,833,839,25,6,60,6,47,51,30
214,2020/11/02 15:00:00+00,24,270,652,488,28,8,127,35,100,12,131,1,78,122,23,834,839,25,6,60,6,47,51,30
215,2020/11/03 15:00:00+00,24,270,653,490,28,8,127,35,100,12,132,1,78,122,23,835,839,25,6,60,6,47,52,30
216,2020/11/04 15:00:00+00,24,271,655,490,28,8,127,35,100,12,132,1,78,123,23,837,840,25,6,61,6,48,52,30
217,2020/11/05 15:00:00+00,25,271,658,491,28,8,127,35,100,12,132,1,78,123,24,841,841,25,6,61,6,47,52,30
218,2020/11/06 15:00:00+00,26,271,658,493,28,8,127,35,100,12,132,1,78,123,24,845,845,25,6,60,6,47,52,30
219,2020/11/07 15:00:00+00,26,271,660,497,28,8,127,35,100,12,132,1,79,122,24,847,845,25,7,60,6,47,52,30
220,2020/11/08 15:00:00+00,26,271,660,497,28,9,127,35,100,13,132,1,80,123,24,848,846,25,7,60,6,47,52,30
221,2020/11/09 15:00:00+00,26,271,662,499,28,9,127,35,100,13,132,1,80,123,24,851,847,25,7,60,6,47,52,30
222,2020/11/10 15:00:00+00,28,271,664,499,28,9,127,35,100,13,132,1,80,123,24,855,849,25,7,60,6,47,52,30
223,2020/11/11 15:00:00+00,29,272,664,500,28,9,127,36,100,13,132,1,80,124,24,858,852,25,7,60,6,49,54,30
224,2020/11/12 15:00:00+00,29,274,666,501,28,9,127,36,102,13,132,1,81,125,24,860,854,25,8,60,7,49,54,30
225,2020/11/13 15:00:00+00,29,275,667,503,29,9,127,36,102,13,132,1,81,125,24,862,856,26,8,60,7,49,54,30
226,2020/11/14 15:00:00+00,31,276,668,504,29,9,128,36,102,13,132,1,81,125,24,864,859,26,8,60,7,51,54,31
227,2020/11/15 15:00:00+00,32,276,668,508,29,9,128,36,102,14,133,1,82,126,24,868,865,26,8,60,7,52,55,31
228,2020/11/16 15:00:00+00,33,276,668,509,29,9,128,36,102,14,133,1,82,126,24,871,866,26,8,60,7,53,55,31
229,2020/11/17 15:00:00+00,35,276,671,512,29,9,128,36,102,14,133,1,83,126,24,874,870,26,8,60,7,54,55,31
230,2020/11/18 15:00:00+00,39,276,674,513,30,9,129,36,102,14,134,1,84,126,24,875,875,26,8,60,7,55,55,32
231,2020/11/19 15:00:00+00,44,276,676,513,30,9,130,36,102,14,135,2,84,127,24,878,878,26,8,60,7,56,55,32
232,2020/11/20 15:00:00+00,46,279,677,513,30,9,131,36,102,15,135,3,84,128,24,881,878,26,8,60,7,57,55,34
233,2020/11/21 15:00:00+00,48,282,679,518,30,9,131,37,102,15,137,3,84,128,24,887,882,26,8,61,7,58,55,34
234,2020/11/22 15:00:00+00,52,282,679,520,30,9,131,37,102,15,137,3,85,128,24,889,882,26,8,61,7,59,55,34
235,2020/11/23 15:00:00+00,55,284,682,523,31,9,131,37,102,15,138,4,85,129,24,890,882,26,8,61,7,60,56,35
236,2020/11/24 15:00:00+00,59,284,686,525,32,10,131,37,102,15,138,4,89,130,24,893,884,26,8,61,7,61,57,35
237,2020/11/25 15:00:00+00,60,285,692,528,32,10,131,37,103,15,138,4,91,131,23,894,888,26,8,61,7,63,58,35
238,2020/11/26 15:00:00+00,64,286,697,534,35,10,132,39,103,15,138,4,91,133,23,897,896,26,8,61,7,69,59,35
239,2020/11/27 15:00:00+00,64,286,701,538,35,10,132,39,103,15,138,4,91,133,23,902,898,26,8,61,7,69,59,36
240,2020/11/28 15:00:00+00,69,286,706,542,36,10,132,40,103,15,140,4,92,137,23,905,900,26,9,61,7,69,59,35
241,2020/11/29 15:00:00+00,71,286,707,545,36,10,133,40,103,15,142,5,94,139,23,909,902,26,9,61,7,70,59,35
242,2020/11/30 15:00:00+00,72,286,710,547,36,10,133,40,103,15,142,5,94,140,23,912,906,26,9,62,7,71,59,37
243,2020/12/01 15:00:00+00,74,285,715,548,36,10,135,40,102,15,142,6,99,142,23,918,911,26,9,62,7,73,59,37
244,2020/12/02 15:00:00+00,80,285,718,557,37,10,135,45,102,16,142,8,100,143,23,924,913,26,9,62,7,77,59,38
245,2020/12/03 15:00:00+00,84,288,730,561,38,10,139,47,103,17,144,8,102,144,23,928,917,26,9,64,7,79,59,38
246,2020/12/04 15:00:00+00,87,288,737,570,38,10,139,48,103,17,144,8,104,147,23,933,923,26,9,65,7,81,60,38
247,2020/12/05 15:00:00+00,87,291,738,571,38,10,139,49,103,17,146,9,105,147,23,935,924,26,9,66,7,82,60,38
248,2020/12/06 15:00:00+00,87,291,746,574,38,10,139,50,103,17,146,9,107,149,23,938,928,26,9,66,7,82,60,38
249,2020/12/07 15:00:00+00,89,292,747,575,38,10,139,50,103,17,146,9,110,149,23,946,935,26,9,67,7,83,60,38
250,2020/12/08 15:00:00+00,97,294,754,574,38,10,143,51,105,17,146,13,111,150,23,949,937,26,9,69,7,86,60,38
251,2020/12/09 15:00:00+00,104,295,761,585,39,10,143,52,107,17,147,14,111,155,23,956,942,26,9,69,7,88,61,38
252,2020/12/10 15:00:00+00,109,297,773,590,39,10,145,52,108,17,147,15,112,157,23,958,947,26,10,70,7,90,61,38
253,2020/12/11 15:00:00+00,113,298,778,599,40,10,147,53,111,17,148,15,114,157,23,968,947,26,9,73,7,92,62,39
254,2020/12/12 15:00:00+00,116,297,787,600,41,10,149,54,111,17,151,17,115,157,23,973,958,26,11,75,7,94,64,39
255,2020/12/13 15:00:00+00,117,298,793,603,41,10,149,55,111,17,152,19,115,158,23,978,966,26,12,75,7,95,64,39
256,2020/12/14 15:00:00+00,117,300,795,607,41,10,149,55,112,17,152,20,115,158,23,980,967,26,13,75,7,95,66,39
257,2020/12/15 15:00:00+00,122,305,800,609,41,10,149,57,113,17,155,23,118,160,23,990,972,26,13,76,7,98,69,39
258,2020/12/16 15:00:00+00,126,306,812,613,42,10,149,61,114,17,157,28,122,160,24,995,980,26,14,77,7,103,69,41
259,2020/12/17 15:00:00+00,128,308,821,620,42,10,149,61,114,17,157,30,125,160,24,1009,984,26,15,77,7,108,69,41
260,2020/12/18 15:00:00+00,134,311,825,628,42,10,150,62,115,17,160,30,126,163,24,1012,991,26,15,78,7,110,70,41
261,2020/12/19 15:00:00+00,135,315,832,636,43,10,151,63,116,17,162,31,127,164,24,1014,998,26,15,80,7,113,71,41
262,2020/12/20 15:00:00+00,140,316,838,643,44,10,152,63,116,17,162,34,129,164,24,1015,1009,26,16,81,7,115,71,41
263,2020/12/21 15:00:00+00,142,322,845,647,44,10,153,63,116,17,162,36,130,165,24,1019,1010,26,19,81,7,117,71,42
264,2020/12/22 15:00:00+00,145,324,851,650,44,10,154,63,116,17,163,36,133,167,24,1025,1015,26,19,82,7,123,72,42
265,2020/12/23 15:00:00+00,146,329,860,656,44,10,155,65,116,18,163,37,135,167,24,1032,1019,26,19,82,7,127,73,43
266,2020/12/24 15:00:00+00,150,331,865,667,44,10,157,67,116,18,166,37,138,168,24,1037,1024,26,20,83,7,134,73,43
267,2020/12/25 15:00:00+00,151,334,870,666,44,10,159,68,116,18,167,41,140,170,25,1049,1034,26,20,83,7,134,74,43
268,2020/12/26 15:00:00+00,151,336,876,670,44,10,159,69,116,19,169,42,145,170,25,1050,1036,26,20,83,7,134,75,43
269,2020/12/27 15:00:00+00,151,338,877,672,44,10,161,69,116,19,171,42,146,170,25,1055,1038,26,20,83,7,136,75,44
270,2020/12/28 15:00:00+00,152,339,880,674,44,10,161,69,118,19,174,43,147,170,25,1061,1042,26,20,84,7,136,75,45
271,2020/12/29 15:00:00+00,151,343,887,678,44,10,161,70,119,21,174,44,150,170,25,1068,1045,27,21,84,7,140,76,45
272,2020/12/30 15:00:00+00,153,349,896,680,44,10,160,72,121,21,181,49,154,171,25,1077,1052,27,21,83,8,145,76,45
273,2020/12/31 15:00:00+00,153,352,904,683,44,10,161,72,123,22,186,49,160,174,25,1081,1058,27,22,87,8,147,77,47
274,2021/01/01 15:00:00+00,154,354,913,690,45,10,163,73,123,22,188,52,164,175,25,1086,1062,27,22,89,8,151,78,47
275,2021/01/02 15:00:00+00,155,356,917,695,45,10,163,75,124,23,188,52,165,175,26,1089,1069,27,22,89,8,153,78,48
276,2021/01/03 15:00:00+00,154,356,922,700,45,10,165,75,127,23,190,52,167,175,26,1095,1070,27,22,89,8,154,79,49
277,2021/01/04 15:00:00+00,155,357,925,703,45,10,166,76,128,24,190,52,167,175,26,1097,1073,27,22,89,8,155,80,49
278,2021/01/05 15:00:00+00,156,362,933,704,46,11,169,77,128,24,192,50,169,176,26,1104,1074,27,22,89,9,159,84,49
279,2021/01/06 15:00:00+00,158,365,941,710,46,11,170,77,128,24,194,52,170,176,26,1114,1084,27,22,91,10,161,88,50
280,2021/01/07 15:00:00+00,160,372,952,716,46,11,172,78,128,24,196,52,171,177,26,1119,1090,27,22,92,10,163,88,50
281,2021/01/08 15:00:00+00,161,378,958,723,46,11,172,80,130,24,197,52,173,178,26,1126,1102,28,21,92,10,170,90,52
282,2021/01/09 15:00:00+00,161,383,966,724,46,11,172,80,129,24,201,53,175,178,26,1131,1104,28,22,92,11,170,92,53
283,2021/01/10 15:00:00+00,162,386,967,723,46,11,172,80,130,24,201,54,175,180,28,1137,1110,28,22,92,11,171,93,54
284,2021/01/11 15:00:00+00,162,388,972,725,46,11,173,80,130,24,201,54,175,181,28,1140,1115,28,22,92,11,171,94,56
285,2021/01/12 15:00:00+00,163,390,984,728,46,12,173,81,131,24,204,54,177,182,29,1146,1120,29,23,94,11,173,94,58
286,2021/01/13 15:00:00+00,163,393,996,731,46,13,174,84,131,24,207,56,177,182,29,1160,1124,30,23,94,11,175,96,58
287,2021/01/14 15:00:00+00,164,396,1006,735,46,13,174,84,131,24,209,56,178,182,28,1167,1128,32,23,94,12,177,98,61
288,2021/01/15 15:00:00+00,164,399,1016,739,46,13,175,86,132,24,213,56,180,184,28,1173,1134,32,24,94,14,177,100,63
289,2021/01/16 15:00:00+00,164,402,1024,744,46,13,175,89,132,24,214,56,183,186,28,1177,1135,32,24,95,15,178,101,65
290,2021/01/17 15:00:00+00,164,405,1029,746,46,13,175,89,132,24,215,56,183,187,28,1182,1134,32,24,96,15,178,101,65
291,2021/01/18 15:00:00+00,165,408,1033,755,46,13,175,90,133,25,216,56,183,188,28,1190,1143,32,24,96,16,181,102,65
292,2021/01/19 15:00:00+00,166,410,1037,757,48,13,176,90,135,26,216,56,186,189,28,1196,1152,32,24,96,16,184,103,68
293,2021/01/20 15:00:00+00,168,415,1044,757,50,13,176,92,137,26,218,56,190,190,28,1201,1164,32,25,98,16,190,110,69
294,2021/01/21 15:00:00+00,170,418,1051,760,51,14,179,94,137,27,221,56,190,191,28,1212,1166,32,26,99,16,192,112,69
295,2021/01/22 15:00:00+00,173,424,1060,764,53,14,181,99,139,27,225,56,191,191,28,1220,1169,32,27,99,16,200,113,69
296,2021/01/23 15:00:00+00,174,427,1067,765,54,14,183,101,140,28,226,56,193,192,28,1225,1173,32,27,99,17,203,115,69
297,2021/01/24 15:00:00+00,174,429,1070,772,55,14,183,101,140,28,229,56,193,192,28,1231,1178,32,26,99,17,206,118,72
298,2021/01/25 15:00:00+00,175,433,1074,773,55,14,184,101,140,30,231,56,194,193,28,1235,1179,32,26,99,18,207,121,73
299,2021/01/26 15:00:00+00,175,437,1080,776,56,15,184,105,141,30,232,56,196,195,32,1240,1179,32,26,99,20,214,123,76
300,2021/01/27 15:00:00+00,176,441,1093,779,56,16,186,108,143,31,233,56,199,195,32,1248,1186,32,26,101,20,216,123,76
301,2021/01/28 15:00:00+00,177,444,1098,783,58,16,188,109,143,33,232,56,202,195,34,1250,1191,32,26,102,21,219,125,77
302,2021/01/29 15:00:00+00,179,450,1105,791,60,16,188,109,144,35,235,56,203,198,34,1254,1194,32,26,103,21,219,126,76
303,2021/01/30 15:00:00+00,181,456,1113,795,60,16,189,109,144,35,235,56,203,198,34,1256,1200,33,26,104,21,223,128,77
304,2021/01/31 15:00:00+00,182,457,1116,798,60,16,189,109,144,35,236,56,203,198,34,1260,1203,33,26,104,21,223,128,77
305,2021/02/01 15:00:00+00,183,458,1118,800,60,16,189,109,144,35,237,56,204,199,34,1266,1208,33,26,105,22,224,128,77
306,2021/02/02 15:00:00+00,185,460,1120,801,60,16,189,109,144,36,237,57,205,199,34,1269,1210,33,26,105,23,225,128,77
307,2021/02/03 15:00:00+00,188,467,1125,802,60,17,189,109,144,36,242,57,209,201,35,1276,1215,34,26,107,24,227,130,77
308,2021/02/04 15:00:00+00,189,471,1131,802,60,17,193,110,144,36,243,57,209,202,35,1280,1218,34,26,107,26,228,130,78
309,2021/02/05 15:00:00+00,189,474,1135,806,60,18,195,111,145,36,245,57,209,203,35,1290,1220,34,26,108,26,230,132,80
310,2021/02/06 15:00:00+00,189,475,1144,809,62,18,197,111,145,36,247,57,212,203,35,1294,1225,34,26,108,26,232,134,84
311,2021/02/07 15:00:00+00,189,478,1148,813,62,18,198,111,146,37,247,57,212,204,35,1298,1230,35,26,108,26,233,134,85
312,2021/02/08 15:00:00+00,190,479,1152,816,62,18,198,111,148,37,247,57,212,205,36,1303,1234,35,26,108,26,235,135,85
313,2021/02/09 15:00:00+00,191,482,1160,822,62,18,198,111,148,38,247,57,214,206,36,1307,1236,35,26,108,26,236,135,86
314,2021/02/10 15:00:00+00,192,487,1163,824,62,18,200,111,148,38,248,57,214,206,37,1316,1244,36,26,108,28,237,135,87
315,2021/02/11 15:00:00+00,192,487,1171,827,62,18,201,111,149,39,248,57,217,208,37,1319,1252,36,28,108,29,237,136,86
316,2021/02/12 15:00:00+00,192,488,1181,831,62,18,201,112,149,39,251,57,219,209,37,1324,1255,36,29,109,29,237,136,86
317,2021/02/13 15:00:00+00,193,488,1187,833,62,18,201,112,149,39,252,57,220,210,37,1326,1255,36,29,109,30,237,137,86
318,2021/02/14 15:00:00+00,193,489,1188,834,62,18,201,112,149,39,252,57,222,211,37,1328,1257,36,29,110,30,237,137,86
319,2021/02/15 15:00:00+00,194,494,1195,837,62,18,202,113,150,39,254,57,222,211,37,1337,1262,36,30,111,30,240,139,87
320,2021/02/16 15:00:00+00,195,497,1197,838,62,18,202,113,150,39,254,57,224,210,38,1337,1264,36,30,111,31,242,139,88
321,2021/02/17 15:00:00+00,195,498,1200,836,64,18,203,113,150,40,255,58,225,211,38,1337,1266,37,30,111,31,242,139,89
322,2021/02/18 15:00:00+00,195,504,1209,844,65,18,203,113,151,42,256,58,227,210,39,1348,1275,37,30,112,31,245,140,90
323,2021/02/19 15:00:00+00,195,504,1209,846,65,18,203,114,151,42,256,58,227,210,39,1350,1274,37,30,112,31,244,141,90
324,2021/02/20 15:00:00+00,196,507,1213,846,66,18,203,115,151,42,257,58,227,210,40,1350,1274,37,30,112,31,245,141,90
325,2021/02/21 15:00:00+00,196,507,1214,846,66,18,203,115,151,42,258,58,227,210,40,1351,1276,37,30,112,31,245,141,90
326,2021/02/22 15:00:00+00,196,508,1217,846,66,18,203,115,151,42,258,58,227,210,40,1353,1278,37,30,112,31,245,141,90
327,2021/02/23 15:00:00+00,197,510,1220,848,67,18,205,115,152,42,258,60,229,212,40,1352,1280,37,30,113,32,246,141,90
328,2021/02/24 15:00:00+00,197,513,1226,853,67,18,206,117,152,42,260,60,230,212,40,1354,1285,37,30,113,32,248,141,91
329,2021/02/25 15:00:00+00,197,518,1241,864,68,19,207,117,155,44,263,60,232,213,40,1363,1298,37,31,114,33,249,141,91
330,2021/02/26 15:00:00+00,197,520,1244,865,69,19,207,118,155,44,267,60,232,213,40,1363,1298,37,31,114,34,249,141,91
331,2021/02/27 15:00:00+00,198,522,1248,864,70,19,208,118,155,44,269,60,233,214,40,1365,1299,37,31,114,34,250,141,91
332,2021/02/28 15:00:00+00,198,524,1249,865,70,19,209,118,155,44,271,60,233,214,40,1367,1300,37,31,114,34,250,141,91
333,2021/03/01 15:00:00+00,198,525,1249,865,70,19,209,118,155,44,271,60,233,214,40,1367,1300,37,31,114,34,250,141,91
334,2021/03/02 15:00:00+00,198,528,1250,869,70,20,209,118,155,44,272,60,235,214,41,1373,1302,37,31,114,34,251,141,92
335,2021/03/03 15:00:00+00,198,528,1254,873,70,20,209,119,157,44,272,60,235,214,41,1375,1305,37,31,114,34,252,142,92
336,2021/03/04 15:00:00+00,198,529,1256,875,71,20,209,120,157,44,272,60,235,214,41,1376,1307,37,32,114,34,252,143,91
337,2021/03/05 15:00:00+00,199,530,1257,876,71,20,209,121,158,44,272,60,236,215,41,1379,1309,37,32,115,34,254,143,91
338,2021/03/06 15:00:00+00,199,531,1258,878,71,20,209,121,158,44,272,60,236,214,41,1381,1310,37,32,115,34,254,143,91
339,2021/03/07 15:00:00+00,199,531,1259,879,71,20,209,121,158,44,273,60,236,214,41,1381,1312,37,32,115,35,255,143,91
340,2021/03/08 15:00:00+00,199,531,1259,879,71,20,209,121,158,44,274,60,237,214,41,1381,1312,37,32,115,35,255,143,91
341,2021/03/09 15:00:00+00,199,532,1266,879,72,21,210,121,159,44,274,60,240,214,41,1385,1315,37,32,115,35,256,144,91